Title,Channel,Published Date,YouTube Link,Description
How to give directions in #english go straight/ corner/ go past. #englishlearning,Miss English Teacher,2023-04-01T12:28:39Z,https://www.youtube.com/watch?v=ywaIt2apNPE,"how to give directions in #english go straight, turn left, at the corner #englishlearning #englishtips #learnenglish."
Asia Now VS Past ğŸ‡®ğŸ‡³ğŸ‡¯ğŸ‡µğŸ‡¨ğŸ‡³ğŸ‡°ğŸ‡·.  #asia #india #japan #china #southkorea #countries #shorts #history,Yakoza Ball,2023-03-22T13:20:49Z,https://www.youtube.com/watch?v=X61RR2Cd4QU,
How to speak fast like native speakers #learnenglish #englishtips,Miss English Teacher,2023-06-17T08:37:00Z,https://www.youtube.com/watch?v=polsnl_AUJ0,speak #english fast : #howtospeakenglishlikeanative don't say let me know say lemme know don't say do you want say wanna ...
Relations with Pakistan ğŸ‡µğŸ‡° ( Europe &amp; Asia 2023) #pakistan #countries #relations #mapstudy #india,Yakoza Ball,2023-02-05T10:19:38Z,https://www.youtube.com/watch?v=fln9maTKoeY,
"Leftovers, wrap up food to go #english #englishlearning #vocabulary",Miss English Teacher,2023-04-22T10:40:58Z,https://www.youtube.com/watch?v=OGI-KVwxsyM,
"Asthma, inhaler #english #learnenglish #englishtips",Miss English Teacher,2023-05-05T11:44:56Z,https://www.youtube.com/watch?v=l080zysfZL8,"what do you call the thing for breathing : inhaler, asthma pronucnciaiton #english #learnenglish #vocabulary #englishtips."
Common mistakes in #english #englishtips #learnenglish,Miss English Teacher,2023-06-02T10:36:00Z,https://www.youtube.com/watch?v=rDL8Q__hvPw,"common mistakes to avoid in #english luggage is uncountable so X luggages but you can count suitcases, bags, and so on. when ..."
Relations between Russia  and Europe &amp; Asia 2023. #russia #europe #asia #countries #mapstudy #shorts,Yakoza Ball,2023-02-01T07:41:00Z,https://www.youtube.com/watch?v=w9BGi2ZPA_4,
ÙƒÙŠÙ ØªÙØ±Ù‚ Ø¨ÙŠÙ† Ø§Ù„Ø¹Ø³Ù„ Ø§Ù„Ù…ØºØ´ÙˆØ´ Ùˆ Ø§Ù„Ø¹Ø³Ù„ Ø§Ù„Ø£ØµÙ„ÙŠ Ø§Ù„Ø­Ø± Ùˆ Ø§Ù„Ø·Ø¨ÙŠØ¹ÙŠ ( Ø¨Ø·Ø±ÙŠÙ‚Ø© Ø¨Ø³ÙŠØ·Ø© ),Zoom show ,2022-05-28T16:55:44Z,https://www.youtube.com/watch?v=u7r3hEpqx-4,"Ù†Ù‚Ø¯Ù… Ù„ÙƒÙ… ÙÙŠ Ù‡Ø°Ø§ Ø§Ù„ÙÙŠØ¯ÙŠÙˆ Ø·Ø±ÙŠÙ‚Ø© Ø¨Ø³ÙŠØ·Ø© Ù„Ù„ØªÙØ±ÙŠÙ‚ Ø¨ÙŠÙ† Ø§Ù„Ø¹Ø³Ù„ Ø§Ù„Ø­Ø± Ùˆ Ø§Ù„Ø¹Ø³Ù„ Ø§Ù„Ù…ØºØ´ÙˆØ´ .. ÙƒÙ„Ù†Ø§ ÙŠØ¹Ù„Ù… Ø£Ù† Ø§Ù„Ø¹Ø³Ù„ Ù…Ø§Ø¯Ø© Ø¬Ø¯Ø§ Ù…ÙÙŠØ¯Ø© Ù„Ù„Ø¬Ø³Ù… , ÙƒÙ…Ø§ Ø£Ù†Ù‡Ø§ ..."
Ø·Ø±ÙŠÙ‚Ø© Ø­Ù…Ù„ Ø§Ù„Ø¨ÙŠØ¨ÙŠ Ø§Ù„ØªÙŠ ØªØ®ÙÙ Ù…Ù† Ø§Ù„Ø£Ù„Ù… Ùˆ ØªØ³Ù…Ø­ Ø¨Ø®Ø±ÙˆØ¬ Ø§Ù„ØºØ§Ø²Ø§Øª,Ù…Ù† Ø§Ù„Ø¹Ø§Ù„Ù…,2015-09-03T13:59:18Z,https://www.youtube.com/watch?v=rLF-6DZcqcU,Ø§Ø´ØªØ±Ùƒ ÙÙŠ Ù‚Ù†Ø§ØªÙ†Ø§ Ø§Ù„Ø¬Ø¯ÙŠØ¯Ø©: https://www.youtube.com/channel/UCvbfJ_oEPixRHMztKCrLMmA Ù„Ù…Ø¹Ø±ÙØ© ÙƒÙ„ Ø¬Ø¯ÙŠØ¯Ø¯ Ù…ÙˆÙ‚Ø¹Ù†Ø§ØŒ ØªØ§Ø¨Ø¹ÙˆÙ†Ø§ Ø¹Ù„Ù‰: ...
